request_id,amount_safe_to_pay,affordability_status,recommended_payment_method,payment_plan,earliest_date_for_full_payment,spending_changes_needed,decision_explanation
request_26,15656000,affordable_now,full_payment,2025-08-03:15656000,2025-08-03,none,"Pay IDR 15,656,000 today. This leaves at least IDR 24,768,300 available over the next 90 days. The forecast uses confirmed income in messages."
request_27,6670,affordable_now,full_payment,2026-07-05:6670,2026-07-05,none,"Pay ZAR 6,670 today. This leaves at least ZAR 20,500 available over the next 90 days."
request_28,289.23,affordable_later,wait,2024-07-15:1302.40,2024-07-15,none,"Pay EUR 1,302.40 in full on 15 July 2024. Paying earlier would take the balance below the EUR 1,100 minimum; only EUR 289.23 is safe today. The forecast uses the latest payroll update and confirmed income in messages."
request_29,1855.42,affordable_now,full_payment,2025-11-04:51524,2025-11-04,none,"Pay ZAR 51,524 today. This leaves at least ZAR 28,300 available over the next 90 days."
request_30,282.04,affordable_with_plan,installments,2026-04-06:268.74|2026-05-06:268.74|2026-06-05:268.74,,none,"Use 3 installments of USD 268.74, starting 6 April 2026. This leaves at least USD 900 available."
request_31,2700039.54,affordable_later,wait,2024-11-15:18164000,2024-11-15,none,"Pay IDR 18,164,000 in full on 15 November 2024. Paying earlier would take the balance below the IDR 16,588,900 minimum; only IDR 2,700,039.54 is safe today."
request_32,13339.36,affordable_later,wait,2025-04-15:40018,2025-04-15,none,"Pay ZAR 40,018 in full on 15 April 2025. Paying earlier would take the balance below the ZAR 35,700 minimum; only ZAR 13,339.36 is safe today. The forecast uses confirmed income in messages."
request_33,30731.19,affordable_later,wait,2026-03-15:118000,2026-03-15,none,"Pay INR 118,000 in full on 15 March 2026. Paying earlier would take the balance below the INR 102,100 minimum; only INR 30,731.19 is safe today."
request_34,129400,affordable_now,full_payment,2024-12-04:129400,2024-12-04,none,"Pay INR 129,400 today. This leaves at least INR 138,500 available over the next 90 days. The forecast uses confirmed income in messages."
request_35,23153.93,affordable_later,wait,2026-01-15:212000,2026-01-15,none,"Pay INR 212,000 in full on 15 January 2026. Paying earlier would take the balance below the INR 106,400 minimum; only INR 23,153.93 is safe today."
request_36,588.71,affordable_later,wait,2026-09-15:3954,2026-09-15,none,"Pay USD 3,954 in full on 15 September 2026. Paying earlier would take the balance below the USD 2,400 minimum; only USD 588.71 is safe today. The forecast uses the latest payroll update."
request_37,4367687.16,affordable_later,wait,2024-05-15:14649000,2024-05-15,none,"Pay IDR 14,649,000 in full on 15 May 2024. Paying earlier would take the balance below the IDR 17,056,200 minimum; only IDR 4,367,687.16 is safe today. The forecast uses the latest payroll update and confirmed income in messages."
request_38,171.65,affordable_later,wait,2025-10-15:971.30,2025-10-15,none,Pay EUR 971.30 in full on 15 October 2025. Paying earlier would take the balance below the EUR 400 minimum; only EUR 171.65 is safe today.
request_39,57446.07,affordable_later,wait,2026-06-15:208600,2026-06-15,none,"Pay INR 208,600 in full on 15 June 2026. Paying earlier would take the balance below the INR 213,400 minimum; only INR 57,446.07 is safe today."
request_40,355.73,affordable_later,wait,2024-08-15:1290.30,2024-08-15,none,"Pay EUR 1,290.30 in full on 15 August 2024. Paying earlier would take the balance below the EUR 1,500 minimum; only EUR 355.73 is safe today. The forecast uses confirmed income in messages."
request_41,7644359.43,affordable_later,wait,2026-01-15:38760000,2026-01-15,none,"Pay IDR 38,760,000 in full on 15 January 2026. Paying earlier would take the balance below the IDR 25,366,600 minimum; only IDR 7,644,359.43 is safe today."
request_42,0,not_affordable,not_recommended,none,,none,"Do not make this payment by 15 March 2026. None of the available options keeps the INR 113,100 minimum protected."
request_43,8273626.88,affordable_later,wait,2024-11-15:43339000,2024-11-15,none,"Pay IDR 43,339,000 in full on 15 November 2024. Paying earlier would take the balance below the IDR 21,398,000 minimum; only IDR 8,273,626.88 is safe today. The forecast uses confirmed income in messages."
request_44,30429.03,affordable_later,wait,2025-04-15:95800,2025-04-15,none,"Pay INR 95,800 in full on 15 April 2025. Paying earlier would take the balance below the INR 82,900 minimum; only INR 30,429.03 is safe today. The forecast uses confirmed income in messages."
request_45,3361778.45,affordable_later,wait,2026-09-15:21983000,2026-09-15,none,"Pay IDR 21,983,000 in full on 15 September 2026. Paying earlier would take the balance below the IDR 11,149,800 minimum; only IDR 3,361,778.45 is safe today. The forecast uses the latest payroll update."
request_46,35318.22,affordable_with_plan,partial_payment,2024-12-03:35318.22|2024-12-15:14131.78,2024-12-15,none,"Pay INR 35,318.22 today and the remaining INR 14,131.78 on 15 December 2024. This completes the full request and keeps the INR 84,000 minimum protected."
request_47,1221224.89,affordable_now,full_payment,2025-05-05:38114000,2025-05-05,none,"Pay IDR 38,114,000 today. This leaves at least IDR 30,049,000 available over the next 90 days."
request_48,45700,affordable_now,full_payment,2026-07-25:45700,2026-07-25,none,"Pay INR 45,700 today. This leaves at least INR 71,300 available over the next 90 days."
request_49,12655596.66,affordable_with_plan,installments,2024-03-18:11902106.67|2024-04-18:11902106.67|2024-05-19:11902106.67,2024-05-15,none,"Use 3 installments of IDR 11,902,106.67, starting 18 March 2024. This leaves at least IDR 20,275,700 available. The forecast uses the latest payroll update."
request_50,0,affordable_now,full_payment,2025-08-06:43900,2025-08-06,none,"Pay INR 43,900 today. This leaves at least INR 99,700 available over the next 90 days."
request_51,2169453.40,affordable_now,full_payment,2026-01-03:2191000,2026-01-03,none,"Pay IDR 2,191,000 today. This leaves at least IDR 7,811,000 available over the next 90 days."
request_52,19241.76,affordable_later,wait,2024-06-15:28870,2024-06-15,none,"Pay INR 28,870 in full on 15 June 2024. Paying earlier would take the balance below the INR 41,500 minimum; only INR 19,241.76 is safe today. The forecast uses confirmed income in messages."
request_53,464.04,affordable_with_plan,installments,2025-11-21:589.06|2025-12-19:589.06|2026-01-16:589.06,2026-01-15,stop:event_4925,"Use 3 installments of USD 589.06, starting 21 November 2025. This leaves at least USD 2,100 available."
request_54,2083.52,not_affordable,not_recommended,none,,none,"Do not proceed with the ZAR 121,528 request. Although ZAR 2,083.52 is available today, the full amount cannot be completed safely by 21 August 2026 while keeping the ZAR 37,000 minimum. The forecast uses the latest payroll update."
request_55,128738.85,affordable_with_plan,installments,2026-06-11:75781.33|2026-07-12:75781.33|2026-08-12:75781.33,2026-07-15,reduce_to:event_5167:2750,"Use 3 installments of INR 75,781.33, starting 11 June 2026. This leaves at least INR 124,300 available."
request_56,632.95,affordable_with_plan,partial_payment,2025-02-03:632.95|2025-02-15:248.61,2025-02-15,none,"Pay USD 632.95 today and the remaining USD 248.61 on 15 February 2025. This completes the full request and keeps the USD 2,100 minimum protected."
request_57,12819.59,affordable_later,wait,2026-06-15:61446,2026-06-15,none,"Pay ZAR 61,446 in full on 15 June 2026. Paying earlier would take the balance below the ZAR 42,700 minimum; only ZAR 12,819.59 is safe today."
request_58,0,not_affordable,not_recommended,none,,none,"Do not make this payment by 25 January 2025. None of the available options keeps the IDR 14,433,900 minimum protected."
request_59,132758.53,affordable_with_plan,installments,2025-05-07:48741.33|2025-06-04:48741.33|2025-07-02:48741.33,,none,"Use 3 installments of INR 48,741.33, starting 7 May 2025. This leaves at least INR 132,600 available."
request_60,117.62,affordable_later,wait,2026-01-15:199.89,2026-01-15,none,Pay USD 199.89 in full on 15 January 2026. Paying earlier would take the balance below the USD 400 minimum; only USD 117.62 is safe today. The forecast uses the latest payroll update.
request_61,29062,affordable_with_plan,installments,2024-03-17:10074.83|2024-04-17:10074.83|2024-05-18:10074.83,2024-03-03,none,"Use 3 installments of ZAR 10,074.83, starting 17 March 2024. This leaves at least ZAR 36,700 available."
request_62,404.23,affordable_now,full_payment,2025-08-05:404.23,2025-08-05,none,"Pay USD 404.23 today. This leaves at least USD 1,300 available over the next 90 days. The forecast uses confirmed income in messages."
request_63,37534.99,not_affordable,not_recommended,none,,none,"Do not proceed with the INR 343,900 request. Although INR 37,534.99 is available today, the full amount cannot be completed safely by 17 September 2026 while keeping the INR 153,500 minimum."
request_64,0,not_affordable,not_recommended,none,,none,"Do not make this payment by 16 August 2024. None of the available options keeps the INR 36,100 minimum protected."
request_65,5886.72,not_affordable,not_recommended,none,,none,"Do not proceed with the ZAR 54,340 request. Although ZAR 5,886.72 is available today, the full amount cannot be completed safely by 25 November 2025 while keeping the ZAR 15,500 minimum."
request_66,22200,affordable_now,full_payment,2026-04-03:22200,2026-04-03,none,"Pay INR 22,200 today. This leaves at least INR 80,700 available over the next 90 days. The forecast uses confirmed income in messages."
request_67,300.77,affordable_later,wait,2024-11-15:2094,2024-11-15,none,"Pay USD 2,094 in full on 15 November 2024. Paying earlier would take the balance below the USD 1,200 minimum; only USD 300.77 is safe today."
request_68,1333.62,affordable_with_plan,installments,2025-02-14:725.09|2025-03-14:725.09|2025-04-11:725.09,2025-03-23,none,"Use 3 installments of USD 725.09, starting 14 February 2025. This leaves at least USD 1,500 available. The forecast uses the latest payroll update."
request_69,529.10,affordable_now,full_payment,2026-01-04:529.10,2026-01-04,none,Pay EUR 529.10 today. This leaves at least EUR 700 available over the next 90 days.
request_70,50476.80,affordable_later,wait,2025-02-15:243900,2025-02-15,none,"Pay INR 243,900 in full on 15 February 2025. Paying earlier would take the balance below the INR 115,000 minimum; only INR 50,476.80 is safe today."
request_71,244128.26,not_affordable,not_recommended,none,,none,"Do not proceed with the IDR 21,451,000 request. Although IDR 244,128.26 is available today, the full amount cannot be completed safely by 28 May 2025 while keeping the IDR 8,884,800 minimum. The forecast uses confirmed income in messages."
request_72,11330,affordable_now,full_payment,2026-07-05:11330,2026-07-05,none,"Pay ZAR 11,330 today. This leaves at least ZAR 12,200 available over the next 90 days. The forecast uses confirmed income in messages."
request_73,71400,affordable_now,full_payment,2023-01-20:71400,2023-01-20,none,"Pay INR 71,400 today. This leaves at least INR 103,200 available over the next 90 days."
request_74,5010,affordable_now,full_payment,2025-08-04:5010,2025-08-04,none,"Pay ZAR 5,010 today. This leaves at least ZAR 21,900 available over the next 90 days. The forecast uses confirmed income in messages."
request_75,13211.67,affordable_with_plan,installments,2026-04-09:9800.27|2026-05-09:9800.27|2026-06-08:9800.27,,none,"Use 3 installments of ZAR 9,800.27, starting 9 April 2026. This leaves at least ZAR 39,000 available."
request_76,717.14,not_affordable,not_recommended,none,,none,"Do not proceed with the USD 4,455.60 request. Although USD 717.14 is available today, the full amount cannot be completed safely by 30 July 2024 while keeping the USD 1,800 minimum. The forecast uses the latest payroll update."
request_77,60102.73,affordable_with_plan,full_payment,2025-11-05:60700,2025-11-15,stop:event_7143,"Stop the online backup subscription, then pay INR 60,700 today. This leaves at least INR 82,200 available."
request_78,45918.87,not_affordable,not_recommended,none,2025-10-15,none,"Do not proceed with the INR 50,200 request. Although INR 45,918.87 is available today, the full amount cannot be completed safely by 14 October 2025 while keeping the INR 55,200 minimum."
request_79,313.14,not_affordable,not_recommended,none,,none,"Do not proceed with the EUR 2,151.60 request. Although EUR 313.14 is available today, the full amount cannot be completed safely by 1 November 2024 while keeping the EUR 1,000 minimum."
request_80,110008.68,not_affordable,not_recommended,none,,none,"Do not proceed with the INR 217,500 request. Although INR 110,008.68 is available today, the full amount cannot be completed safely by 21 February 2025 while keeping the INR 121,300 minimum. The forecast uses the latest payroll update."
request_81,2076,affordable_now,full_payment,2026-07-03:2076,2026-07-03,none,"Pay USD 2,076 today. This leaves at least USD 1,600 available over the next 90 days."
request_82,313.89,affordable_later,wait,2025-01-15:1405.20,2025-01-15,none,"Pay USD 1,405.20 in full on 15 January 2025. Paying earlier would take the balance below the USD 1,100 minimum; only USD 313.89 is safe today. The forecast uses the latest payroll update and confirmed income in messages."
request_83,7244.95,not_affordable,not_recommended,none,,none,"Do not proceed with the INR 156,200 request. Although INR 7,244.95 is available today, the full amount cannot be completed safely by 17 June 2025 while keeping the INR 37,800 minimum. The forecast uses confirmed income in messages."
request_84,21423.27,affordable_later,wait,2026-06-15:95400,2026-06-15,none,"Pay INR 95,400 in full on 15 June 2026. Paying earlier would take the balance below the INR 91,300 minimum; only INR 21,423.27 is safe today."
request_85,392399.90,not_affordable,not_recommended,none,,none,"Do not proceed with the IDR 19,304,000 request. Although IDR 392,399.90 is available today, the full amount cannot be completed safely by 26 April 2024 while keeping the IDR 6,396,300 minimum. The forecast uses the latest payroll update."
request_86,46300,affordable_now,full_payment,2025-08-03:46300,2025-08-03,none,"Pay INR 46,300 today. This leaves at least INR 84,900 available over the next 90 days."
request_87,16918.39,not_affordable,not_recommended,none,,none,"Do not proceed with the INR 487,900 request. Although INR 16,918.39 is available today, the full amount cannot be completed safely by 15 March 2026 while keeping the INR 185,900 minimum. The forecast uses confirmed income in messages."
request_88,10735.77,affordable_with_plan,installments,2024-06-14:9045.23|2024-07-15:9045.23|2024-08-15:9045.23,2024-07-15,none,"Use 3 installments of ZAR 9,045.23, starting 14 June 2024. This leaves at least ZAR 25,800 available."
request_89,9392480.17,affordable_with_plan,installments,2025-11-18:4768746.67|2025-12-16:4768746.67|2026-01-13:4768746.67,2026-01-15,stop:event_8335|reduce_to:event_8403:203300,"Use 3 installments of IDR 4,768,746.67, starting 18 November 2025. This leaves at least IDR 12,534,700 available."
request_90,2560,affordable_now,full_payment,2026-07-06:2560,2026-07-06,none,"Pay ZAR 2,560 today. This leaves at least ZAR 7,600 available over the next 90 days. The forecast uses confirmed income in messages."
request_91,316.20,affordable_later,wait,2024-11-15:1927.20,2024-11-15,none,"Pay EUR 1,927.20 in full on 15 November 2024. Paying earlier would take the balance below the EUR 2,100 minimum; only EUR 316.20 is safe today."
request_92,34034,affordable_now,full_payment,2025-02-05:34034,2025-02-05,none,"Pay ZAR 34,034 today. This leaves at least ZAR 28,100 available over the next 90 days. The forecast uses the latest payroll update."
request_93,1729.20,affordable_now,full_payment,2026-04-07:1729.20,2026-04-07,none,"Pay USD 1,729.20 today. This leaves at least USD 1,900 available over the next 90 days."
request_94,572,affordable_now,full_payment,2024-12-04:572,2024-12-04,none,Pay EUR 572 today. This leaves at least EUR 600 available over the next 90 days. The forecast uses confirmed income in messages.
request_95,4648.03,not_affordable,not_recommended,none,,none,"Do not proceed with the INR 553,000 request. Although INR 4,648.03 is available today, the full amount cannot be completed safely by 14 July 2025 while keeping the INR 145,500 minimum. The forecast uses the latest payroll update."
request_96,72758.97,affordable_with_plan,installments,2026-01-10:31269.33|2026-02-09:31269.33|2026-03-11:31269.33,2026-02-15,stop:event_8914,"Use 3 installments of INR 31,269.33, starting 10 January 2026. This leaves at least INR 56,500 available."
request_97,1599.79,affordable_with_plan,installments,2024-03-19:8145.28|2024-04-19:8145.28|2024-05-20:8145.28,2024-04-15,none,"Use 3 installments of ZAR 8,145.28, starting 19 March 2024. This leaves at least ZAR 29,700 available."
request_98,6553.27,affordable_later,wait,2025-10-15:27148,2025-10-15,none,"Pay ZAR 27,148 in full on 15 October 2025. Paying earlier would take the balance below the ZAR 30,000 minimum; only ZAR 6,553.27 is safe today. The forecast uses confirmed income in messages."
request_99,17445.43,affordable_with_plan,full_payment,2026-07-04:18062,2026-07-15,reduce_to:event_9232:1065.90,"Reduce the family dinner to ZAR 1,065.90, then pay ZAR 18,062 today. This leaves at least ZAR 49,100 available."
request_100,25169.04,affordable_with_plan,installments,2024-06-13:12866.19|2024-07-14:12866.19|2024-08-14:12866.19,2024-07-15,reduce_to:event_9267:508.20,"Use 3 installments of ZAR 12,866.19, starting 13 June 2024. This leaves at least ZAR 32,500 available."
request_101,143500,affordable_now,full_payment,2025-11-03:143500,2025-11-03,none,"Pay INR 143,500 today. This leaves at least INR 187,400 available over the next 90 days."
request_102,1716,affordable_with_plan,installments,2026-04-05:594.88|2026-05-05:594.88|2026-06-04:594.88,2026-04-05,none,"Use 3 installments of EUR 594.88, starting 5 April 2026. This leaves at least EUR 900 available. The forecast uses confirmed income in messages."
request_103,2146.56,not_affordable,not_recommended,none,,none,"Do not proceed with the INR 368,300 request. Although INR 2,146.56 is available today, the full amount cannot be completed safely by 7 October 2024 while keeping the INR 125,500 minimum. The forecast uses the latest payroll update."
request_104,17204,affordable_now,full_payment,2025-02-04:17204,2025-02-04,none,"Pay ZAR 17,204 today. This leaves at least ZAR 24,700 available over the next 90 days. The forecast uses the latest payroll update."
request_105,53441.11,affordable_with_plan,full_payment,2026-06-08:53500,2026-06-15,reduce_to:event_9721:1720,"Reduce the monthly entertainment spend to INR 1,720, then pay INR 53,500 today. This leaves at least INR 73,900 available."
request_106,463.22,affordable_later,wait,2025-02-15:2207.70,2025-02-15,none,"Pay EUR 2,207.70 in full on 15 February 2025. Paying earlier would take the balance below the EUR 1,200 minimum; only EUR 463.22 is safe today. The forecast uses confirmed income in messages."
request_107,2416.93,affordable_with_plan,installments,2025-05-08:878.59|2025-06-05:878.59|2025-07-03:878.59,2025-07-15,none,"Use 3 installments of EUR 878.59, starting 8 May 2025. This leaves at least EUR 1,600 available. The forecast uses confirmed income in messages."
request_108,1717.39,not_affordable,not_recommended,none,2026-09-15,none,"Do not proceed with the ZAR 55,308 request. Although ZAR 1,717.39 is available today, the full amount cannot be completed safely by 26 July 2026 while keeping the ZAR 24,100 minimum. The forecast uses the latest payroll update."
request_109,472.91,affordable_with_plan,installments,2024-03-18:645.98|2024-04-18:645.98|2024-05-19:645.98,2024-05-15,stop:event_10080|stop:event_10081,"Use 3 installments of EUR 645.98, starting 18 March 2024. This leaves at least EUR 1,700 available."
request_110,22352,affordable_with_plan,installments,2025-08-06:7748.69|2025-09-03:7748.69|2025-10-01:7748.69,2025-08-06,none,"Use 3 installments of ZAR 7,748.69, starting 6 August 2025. This leaves at least ZAR 11,200 available. The forecast uses confirmed income in messages."
request_111,16625000,affordable_now,full_payment,2026-04-03:16625000,2026-04-03,none,"Pay IDR 16,625,000 today. This leaves at least IDR 23,022,800 available over the next 90 days."
request_112,271.70,affordable_now,full_payment,2024-06-05:271.70,2024-06-05,none,Pay EUR 271.70 today. This leaves at least EUR 500 available over the next 90 days. The forecast uses confirmed income in messages.
request_113,23904.17,affordable_later,wait,2026-09-15:36500,2026-09-15,none,"Pay INR 36,500 in full on 15 September 2026. Paying earlier would take the balance below the INR 82,300 minimum; only INR 23,904.17 is safe today. The forecast uses confirmed income in messages."
request_114,54888.32,not_affordable,not_recommended,none,2026-01-15,none,"Do not proceed with the INR 65,300 request. Although INR 54,888.32 is available today, the full amount cannot be completed safely by 14 January 2026 while keeping the INR 113,400 minimum. The forecast uses the latest payroll update."
request_115,14648.43,affordable_later,wait,2024-11-15:80500,2024-11-15,none,"Pay INR 80,500 in full on 15 November 2024. Paying earlier would take the balance below the INR 38,800 minimum; only INR 14,648.43 is safe today."
request_116,9179.83,not_affordable,not_recommended,none,,none,"Do not proceed with the INR 241,200 request. Although INR 9,179.83 is available today, the full amount cannot be completed safely by 16 April 2025 while keeping the INR 80,300 minimum."
request_117,859.11,affordable_with_plan,full_payment,2026-07-05:880,2026-07-15,stop:event_10833,"Stop the family streaming plan, then pay EUR 880 today. This leaves at least EUR 1,000 available. The forecast uses the latest payroll update."
request_118,649.88,affordable_with_plan,installments,2024-12-07:255.87|2025-01-07:255.87|2025-02-07:255.87,2024-12-15,none,"Use 3 installments of EUR 255.87, starting 7 December 2024. This leaves at least EUR 600 available. The forecast uses the latest payroll update and confirmed income in messages."
request_119,0,not_affordable,not_recommended,none,,none,"Do not make this payment by 17 July 2025. None of the available options keeps the INR 151,200 minimum protected."
request_120,7714000,affordable_now,full_payment,2026-04-06:7714000,2026-04-06,none,"Pay IDR 7,714,000 today. This leaves at least IDR 20,050,300 available over the next 90 days."
request_121,633.60,affordable_now,full_payment,2024-03-03:633.60,2024-03-03,none,Pay USD 633.60 today. This leaves at least USD 800 available over the next 90 days.
request_122,20558000,affordable_with_plan,installments,2025-08-05:7126773.33|2025-09-02:7126773.33|2025-09-30:7126773.33,2025-08-05,none,"Use 3 installments of IDR 7,126,773.33, starting 5 August 2025. This leaves at least IDR 12,588,500 available. The forecast uses confirmed income in messages."
request_123,0,affordable_now,full_payment,2026-01-07:4076000,2026-01-07,none,"Pay IDR 4,076,000 today. This leaves at least IDR 18,091,200 available over the next 90 days."
request_124,1392.45,affordable_with_plan,installments,2024-06-11:1076.12|2024-07-12:1076.12|2024-08-12:1076.12,2024-07-15,stop:event_11448,"Use 3 installments of EUR 1,076.12, starting 11 June 2024. This leaves at least EUR 1,600 available."
request_125,5834.63,not_affordable,not_recommended,none,2025-11-15,none,"Do not proceed with the ZAR 6,468 request. Although ZAR 5,834.63 is available today, the full amount cannot be completed safely by 14 November 2025 while keeping the ZAR 11,300 minimum. The forecast uses confirmed income in messages."
request_126,159600,affordable_now,full_payment,2026-07-03:159600,2026-07-03,none,"Pay INR 159,600 today. This leaves at least INR 129,700 available over the next 90 days. The forecast uses confirmed income in messages."
request_127,0,not_affordable,not_recommended,none,,none,"Do not make this payment by 18 October 2024. None of the available options keeps the ZAR 41,000 minimum protected."
request_128,25168,affordable_now,full_payment,2025-02-07:25168,2025-02-07,none,"Pay ZAR 25,168 today. This leaves at least ZAR 42,600 available over the next 90 days."
request_129,111.57,not_affordable,not_recommended,none,,none,"Do not proceed with the USD 2,668.80 request. Although USD 111.57 is available today, the full amount cannot be completed safely by 18 June 2026 while keeping the USD 800 minimum."
request_130,373.31,affordable_later,wait,2025-02-15:1978.80,2025-02-15,none,"Pay USD 1,978.80 in full on 15 February 2025. Paying earlier would take the balance below the USD 1,400 minimum; only USD 373.31 is safe today. The forecast uses the latest payroll update."
request_131,1134.43,affordable_with_plan,installments,2025-05-06:643.14|2025-06-03:643.14|2025-07-01:643.14,2025-07-23,none,"Use 3 installments of USD 643.14, starting 6 May 2025. This leaves at least USD 1,100 available. The forecast uses the latest payroll update."
request_132,261.98,affordable_later,wait,2026-01-15:379.86,2026-01-15,none,"Pay USD 379.86 in full on 15 January 2026. Paying earlier would take the balance below the USD 1,100 minimum; only USD 261.98 is safe today. The forecast uses the latest payroll update."
request_133,0,not_affordable,not_recommended,none,,none,"Do not make this payment by 29 March 2024. None of the available options keeps the IDR 9,986,200 minimum protected."
request_134,4461408.13,affordable_later,wait,2025-10-15:21831000,2025-10-15,none,"Pay IDR 21,831,000 in full on 15 October 2025. Paying earlier would take the balance below the IDR 15,902,500 minimum; only IDR 4,461,408.13 is safe today."
request_135,283.19,affordable_with_plan,full_payment,2026-07-06:304.80,2026-07-15,stop:event_12413,"Stop the video streaming plan, then pay USD 304.80 today. This leaves at least USD 500 available. The forecast uses the latest payroll update."
request_136,528.50,affordable_with_plan,full_payment,2024-06-03:560.40,2024-06-15,reduce_to:event_12498:27.20,"Reduce the household shopping to USD 27.20, then pay USD 560.40 today. This leaves at least USD 1,100 available."
request_137,24172.14,affordable_later,wait,2026-01-15:80100,2026-01-15,none,"Pay INR 80,100 in full on 15 January 2026. Paying earlier would take the balance below the INR 71,800 minimum; only INR 24,172.14 is safe today."
request_138,752.76,affordable_with_plan,installments,2026-04-07:435.74|2026-05-05:435.74|2026-06-02:435.74,2026-04-15,none,"Use 3 installments of EUR 435.74, starting 7 April 2026. This leaves at least EUR 2,300 available. The forecast uses the latest bill update."
request_139,1247.41,not_affordable,not_recommended,none,2024-11-15,none,"Do not proceed with the USD 2,316 request. Although USD 1,247.41 is available today, the full amount cannot be completed safely by 17 November 2024 while keeping the USD 1,500 minimum."
request_140,1428.81,not_affordable,not_recommended,none,,none,"Do not proceed with the ZAR 62,832 request. Although ZAR 1,428.81 is available today, the full amount cannot be completed safely by 4 March 2025 while keeping the ZAR 21,600 minimum. The forecast uses confirmed income in messages."
request_141,18191.39,not_affordable,not_recommended,none,,none,"Do not proceed with the INR 171,600 request. Although INR 18,191.39 is available today, the full amount cannot be completed safely by 12 February 2026 while keeping the INR 67,300 minimum."
request_142,1263.60,affordable_now,full_payment,2024-12-05:1263.60,2024-12-05,none,"Pay USD 1,263.60 today. This leaves at least USD 1,700 available over the next 90 days. The forecast uses confirmed income in messages."
request_143,2501.34,affordable_later,wait,2025-07-15:12584,2025-07-15,none,"Pay ZAR 12,584 in full on 15 July 2025. Paying earlier would take the balance below the ZAR 11,300 minimum; only ZAR 2,501.34 is safe today."
request_144,233.34,affordable_now,full_payment,2026-07-04:233.34,2026-07-04,none,Pay USD 233.34 today. This leaves at least USD 600 available over the next 90 days. The forecast uses confirmed income in messages.
request_145,27650.10,affordable_with_plan,installments,2024-03-20:75365.33|2024-04-20:75365.33|2024-05-21:75365.33,2024-04-15,none,"Use 3 installments of INR 75,365.33, starting 20 March 2024. This leaves at least INR 155,400 available. The forecast uses the latest payroll update and confirmed income in messages."
request_146,16037.09,not_affordable,not_recommended,none,,none,"Do not proceed with the INR 449,400 request. Although INR 16,037.09 is available today, the full amount cannot be completed safely by 17 October 2025 while keeping the INR 108,600 minimum."
request_147,0,not_affordable,not_recommended,none,,none,Do not make this payment by 7 June 2026. None of the available options keeps the EUR 900 minimum protected.
request_148,7127.02,affordable_with_plan,installments,2024-06-14:7710.56|2024-07-15:7710.56|2024-08-15:7710.56,2024-08-15,reduce_to:event_13594:576.40,"Use 3 installments of ZAR 7,710.56, starting 14 June 2024. This leaves at least ZAR 20,000 available."
request_149,22401.22,affordable_with_plan,installments,2025-11-18:12706.03|2025-12-16:12706.03|2026-01-13:12706.03,2025-12-15,none,"Use 3 installments of ZAR 12,706.03, starting 18 November 2025. This leaves at least ZAR 42,100 available."
request_150,255.75,not_affordable,not_recommended,none,2026-03-15,none,"Do not proceed with the EUR 496.10 request. Although EUR 255.75 is available today, the full amount cannot be completed safely by 16 March 2026 while keeping the EUR 700 minimum. The forecast uses the latest payroll update."
request_151,26999000,affordable_now,full_payment,2024-09-03:26999000,2024-09-03,none,"Pay IDR 26,999,000 today. This leaves at least IDR 31,633,600 available over the next 90 days. The forecast uses confirmed income in messages."
request_152,11084.90,affordable_with_plan,installments,2025-02-12:4812.43|2025-03-12:4812.43|2025-04-09:4812.43,2025-04-15,reduce_to:event_14024:234.30,"Use 3 installments of ZAR 4,812.43, starting 12 February 2025. This leaves at least ZAR 11,900 available."
request_153,15.20,not_affordable,not_recommended,none,,none,"Do not proceed with the USD 2,830.80 request. Although USD 15.20 is available today, the full amount cannot be completed safely by 24 September 2026 while keeping the USD 1,400 minimum."
request_154,0,not_affordable,not_recommended,none,,none,"Do not make this payment by 14 February 2025. None of the available options keeps the EUR 1,300 minimum protected."
request_155,13179.20,affordable_now,full_payment,2025-05-06:112500,2025-05-06,none,"Pay INR 112,500 today. This leaves at least INR 56,300 available over the next 90 days."
request_156,8497.56,affordable_later,wait,2026-06-15:43076,2026-06-15,none,"Pay ZAR 43,076 in full on 15 June 2026. Paying earlier would take the balance below the ZAR 26,900 minimum; only ZAR 8,497.56 is safe today. The forecast uses the latest bill update."
request_157,4775248.01,affordable_later,wait,2024-05-15:23503000,2024-05-15,none,"Pay IDR 23,503,000 in full on 15 May 2024. Paying earlier would take the balance below the IDR 15,714,100 minimum; only IDR 4,775,248.01 is safe today. The forecast uses the latest payroll update."
request_158,199967.12,affordable_with_plan,installments,2025-08-07:84101.33|2025-09-04:84101.33|2025-10-02:84101.33,,none,"Use 3 installments of INR 84,101.33, starting 7 August 2025. This leaves at least INR 131,400 available."
request_159,0,not_affordable,not_recommended,none,,none,"Do not make this payment by 20 March 2026. None of the available options keeps the ZAR 8,700 minimum protected."
request_160,569.52,affordable_with_plan,installments,2024-06-13:432.05|2024-07-14:432.05|2024-08-14:432.05,2024-07-15,none,"Use 3 installments of EUR 432.05, starting 13 June 2024. This leaves at least EUR 1,200 available. The forecast uses confirmed income in messages."
request_161,6906804.19,affordable_later,wait,2026-01-15:21204000,2026-01-15,none,"Pay IDR 21,204,000 in full on 15 January 2026. Paying earlier would take the balance below the IDR 23,010,400 minimum; only IDR 6,906,804.19 is safe today. The forecast uses confirmed income in messages."
request_162,1255094.80,not_affordable,not_recommended,none,,none,"Do not proceed with the IDR 83,923,000 request. Although IDR 1,255,094.80 is available today, the full amount cannot be completed safely by 26 August 2026 while keeping the IDR 24,161,100 minimum. The forecast uses the latest payroll update."
request_163,8809583.38,affordable_with_plan,installments,2024-09-10:6692053.33|2024-10-11:6692053.33|2024-11-11:6692053.33,2024-09-15,none,"Use 3 installments of IDR 6,692,053.33, starting 10 September 2024. This leaves at least IDR 26,728,700 available. The forecast uses the latest payroll update and confirmed income in messages."
request_164,27018000,affordable_with_plan,installments,2025-02-11:9366240|2025-03-11:9366240|2025-04-08:9366240,2025-02-04,none,"Use 3 installments of IDR 9,366,240, starting 11 February 2025. This leaves at least IDR 29,550,500 available. The forecast uses the latest payroll update."
request_165,68752.32,affordable_now,full_payment,2026-04-06:80600,2026-04-06,none,"Pay INR 80,600 today. This leaves at least INR 95,000 available over the next 90 days."
request_166,2907.60,affordable_with_plan,installments,2024-12-03:1007.97|2025-01-03:1007.97|2025-02-03:1007.97,2024-12-03,none,"Use 3 installments of USD 1,007.97, starting 3 December 2024. This leaves at least USD 1,700 available. The forecast uses confirmed income in messages."
request_167,43802,affordable_now,full_payment,2025-05-05:43802,2025-05-05,none,"Pay ZAR 43,802 today. This leaves at least ZAR 31,200 available over the next 90 days. The forecast uses the latest payroll update."
request_168,30444.55,affordable_with_plan,partial_payment,2026-01-07:30444.55|2026-02-15:18935.45,2026-02-15,none,"Pay INR 30,444.55 today and the remaining INR 18,935.45 on 15 February 2026. This completes the full request and keeps the INR 114,400 minimum protected. The forecast uses the latest payroll update."
request_169,41976,affordable_now,full_payment,2024-03-04:41976,2024-03-04,none,"Pay ZAR 41,976 today. This leaves at least ZAR 18,700 available over the next 90 days."
request_170,29866830.93,affordable_with_plan,installments,2025-08-06:12804480|2025-09-03:12804480|2025-10-01:12804480,2025-09-15,none,"Use 3 installments of IDR 12,804,480, starting 6 August 2025. This leaves at least IDR 24,715,800 available."
request_171,33.02,not_affordable,not_recommended,none,,none,"Do not proceed with the EUR 1,878.80 request. Although EUR 33.02 is available today, the full amount cannot be completed safely by 10 September 2026 while keeping the EUR 500 minimum."
request_172,9077.61,affordable_with_plan,partial_payment,2024-06-05:9077.61|2024-06-15:1122.39,2024-06-15,none,"Pay ZAR 9,077.61 today and the remaining ZAR 1,122.39 on 15 June 2024. This completes the full request and keeps the ZAR 27,200 minimum protected."
request_173,55371.35,affordable_with_plan,installments,2025-11-21:39173.33|2025-12-19:39173.33|2026-01-16:39173.33,2026-01-15,none,"Use 3 installments of INR 39,173.33, starting 21 November 2025. This leaves at least INR 79,100 available. The forecast uses confirmed income in messages."
request_174,1075.32,affordable_with_plan,installments,2026-04-04:397.35|2026-05-04:397.35|2026-06-03:397.35,,none,"Use 3 installments of EUR 397.35, starting 4 April 2026. This leaves at least EUR 700 available."
request_175,2346.30,affordable_now,full_payment,2024-09-06:2346.30,2024-09-06,none,"Pay EUR 2,346.30 today. This leaves at least EUR 1,700 available over the next 90 days. The forecast uses the latest payroll update."
request_176,367,not_affordable,not_recommended,none,,none,"Do not proceed with the EUR 1,239.70 request. Although EUR 367 is available today, the full amount cannot be completed safely by 27 February 2025 while keeping the EUR 600 minimum. The forecast uses the latest payroll update."
request_177,1017.60,affordable_now,full_payment,2026-01-05:1017.60,2026-01-05,none,"Pay USD 1,017.60 today. This leaves at least USD 1,300 available over the next 90 days. The forecast uses the latest payroll update."
request_178,2938.10,affordable_with_plan,installments,2024-12-07:1018.54|2025-01-07:1018.54|2025-02-07:1018.54,2024-12-07,none,"Use 3 installments of EUR 1,018.54, starting 7 December 2024. This leaves at least EUR 1,400 available. The forecast uses confirmed income in messages."
request_179,6584779.78,affordable_later,wait,2025-07-15:41648000,2025-07-15,none,"Pay IDR 41,648,000 in full on 15 July 2025. Paying earlier would take the balance below the IDR 41,430,800 minimum; only IDR 6,584,779.78 is safe today."
request_180,66500,affordable_now,full_payment,2026-07-06:66500,2026-07-06,none,"Pay INR 66,500 today. This leaves at least INR 37,300 available over the next 90 days. The forecast uses confirmed income in messages."
request_181,283.69,not_affordable,not_recommended,none,,none,"Do not proceed with the USD 5,059.20 request. Although USD 283.69 is available today, the full amount cannot be completed safely by 7 April 2024 while keeping the USD 2,000 minimum."
request_182,65714,affordable_now,full_payment,2025-08-05:65714,2025-08-05,none,"Pay ZAR 65,714 today. This leaves at least ZAR 31,100 available over the next 90 days."
request_183,22982284.10,affordable_with_plan,installments,2026-04-10:9313546.67|2026-05-10:9313546.67|2026-06-09:9313546.67,2026-05-15,stop:event_16813,"Use 3 installments of IDR 9,313,546.67, starting 10 April 2026. This leaves at least IDR 11,878,300 available."
request_184,7134.15,not_affordable,not_recommended,none,,none,"Do not proceed with the INR 251,900 request. Although INR 7,134.15 is available today, the full amount cannot be completed safely by 30 July 2024 while keeping the INR 110,800 minimum."
request_185,309.85,affordable_later,wait,2026-01-15:1257.30,2026-01-15,none,"Pay EUR 1,257.30 in full on 15 January 2026. Paying earlier would take the balance below the EUR 1,300 minimum; only EUR 309.85 is safe today."
request_186,4156.68,affordable_later,wait,2026-03-15:26554,2026-03-15,none,"Pay ZAR 26,554 in full on 15 March 2026. Paying earlier would take the balance below the ZAR 22,000 minimum; only ZAR 4,156.68 is safe today. The forecast uses the latest payroll update."
request_187,37844.44,affordable_later,wait,2024-11-15:187500,2024-11-15,none,"Pay INR 187,500 in full on 15 November 2024. Paying earlier would take the balance below the INR 128,300 minimum; only INR 37,844.44 is safe today. The forecast uses confirmed income in messages."
request_188,102.94,not_affordable,not_recommended,none,,none,"Do not proceed with the EUR 2,464 request. Although EUR 102.94 is available today, the full amount cannot be completed safely by 4 March 2025 while keeping the EUR 900 minimum."
request_189,488.40,affordable_now,full_payment,2026-07-04:488.40,2026-07-04,none,Pay EUR 488.40 today. This leaves at least EUR 400 available over the next 90 days. The forecast uses the latest payroll update.
request_190,478.57,affordable_later,wait,2025-02-15:2557.50,2025-02-15,none,"Pay EUR 2,557.50 in full on 15 February 2025. Paying earlier would take the balance below the EUR 1,600 minimum; only EUR 478.57 is safe today."
request_191,664.40,affordable_now,full_payment,2025-05-03:664.40,2025-05-03,none,Pay EUR 664.40 today. This leaves at least EUR 500 available over the next 90 days.
request_192,107.83,not_affordable,not_recommended,none,,none,"Do not proceed with the USD 2,046 request. Although USD 107.83 is available today, the full amount cannot be completed safely by 11 May 2026 while keeping the USD 1,000 minimum."
request_193,33.62,affordable_with_plan,installments,2024-03-21:420.23|2024-04-21:420.23|2024-05-22:420.23,2024-04-15,none,"Use 3 installments of EUR 420.23, starting 21 March 2024. This leaves at least EUR 1,000 available. The forecast uses the latest payroll update."
request_194,33083.28,affordable_later,wait,2025-10-23:132800,2025-10-23,none,"Pay INR 132,800 in full on 23 October 2025. Paying earlier would take the balance below the INR 113,600 minimum; only INR 33,083.28 is safe today. The forecast uses the latest payroll update."
request_195,965.95,affordable_with_plan,installments,2026-01-09:405.74|2026-02-08:405.74|2026-03-10:405.74,2026-03-15,none,"Use 3 installments of EUR 405.74, starting 9 January 2026. This leaves at least EUR 700 available. The forecast uses the latest payroll update."
request_196,762.30,affordable_now,full_payment,2024-06-03:762.30,2024-06-03,none,Pay EUR 762.30 today. This leaves at least EUR 500 available over the next 90 days.
request_197,50939000,affordable_with_plan,installments,2025-11-19:17658853.33|2025-12-17:17658853.33|2026-01-14:17658853.33,2025-11-05,none,"Use 3 installments of IDR 17,658,853.33, starting 19 November 2025. This leaves at least IDR 26,245,900 available. The forecast uses confirmed income in messages."
request_198,185800,affordable_now,full_payment,2026-07-07:185800,2026-07-07,none,"Pay INR 185,800 today. This leaves at least INR 124,300 available over the next 90 days. The forecast uses the latest bill update."
request_199,23674000,affordable_with_plan,installments,2024-09-07:8206986.67|2024-10-08:8206986.67|2024-11-08:8206986.67,2024-09-04,none,"Use 3 installments of IDR 8,206,986.67, starting 7 September 2024. This leaves at least IDR 25,359,500 available."
request_200,21717000,affordable_now,full_payment,2025-02-06:21717000,2025-02-06,none,"Pay IDR 21,717,000 today. This leaves at least IDR 20,114,600 available over the next 90 days."
request_201,23122198.12,affordable_now,full_payment,2026-04-03:23997000,2026-04-03,none,"Pay IDR 23,997,000 today. This leaves at least IDR 17,304,500 available over the next 90 days."
request_202,123900,affordable_now,full_payment,2024-12-05:123900,2024-12-05,none,"Pay INR 123,900 today. This leaves at least INR 147,800 available over the next 90 days."
request_203,861.02,affordable_with_plan,installments,2025-05-10:499.93|2025-06-07:499.93|2025-07-05:499.93,,none,"Use 3 installments of EUR 499.93, starting 10 May 2025. This leaves at least EUR 1,400 available."
request_204,572.05,affordable_later,wait,2026-01-15:588.74,2026-01-15,none,"Pay EUR 588.74 in full on 15 January 2026. Paying earlier would take the balance below the EUR 1,300 minimum; only EUR 572.05 is safe today. The forecast uses confirmed income in messages."
request_205,10621000,affordable_now,full_payment,2024-03-06:10621000,2024-03-06,none,"Pay IDR 10,621,000 today. This leaves at least IDR 13,994,300 available over the next 90 days."
request_206,1404.70,affordable_with_plan,installments,2025-08-03:486.96|2025-08-31:486.96|2025-09-28:486.96,2025-08-03,none,"Use 3 installments of EUR 486.96, starting 3 August 2025. This leaves at least EUR 900 available."
request_207,4516.76,affordable_later,wait,2026-07-15:11830,2026-07-15,none,"Pay ZAR 11,830 in full on 15 July 2026. Paying earlier would take the balance below the ZAR 13,600 minimum; only ZAR 4,516.76 is safe today."
request_208,3040802.28,affordable_later,wait,2024-06-15:4413000,2024-06-15,none,"Pay IDR 4,413,000 in full on 15 June 2024. Paying earlier would take the balance below the IDR 10,470,700 minimum; only IDR 3,040,802.28 is safe today."
request_209,1660.21,not_affordable,not_recommended,none,,none,"Do not proceed with the ZAR 56,914 request. Although ZAR 1,660.21 is available today, the full amount cannot be completed safely by 25 November 2025 while keeping the ZAR 18,400 minimum."
request_210,826.61,affordable_with_plan,installments,2026-04-06:471.48|2026-05-04:471.48|2026-06-01:471.48,2026-04-15,none,"Use 3 installments of USD 471.48, starting 6 April 2026. This leaves at least USD 2,000 available. The forecast uses the latest bill update."
request_211,252.01,affordable_later,wait,2024-11-15:1788.60,2024-11-15,none,"Pay EUR 1,788.60 in full on 15 November 2024. Paying earlier would take the balance below the EUR 1,500 minimum; only EUR 252.01 is safe today."
request_212,4092864.88,not_affordable,not_recommended,none,,none,"Do not proceed with the IDR 71,934,000 request. Although IDR 4,092,864.88 is available today, the full amount cannot be completed safely by 28 February 2025 while keeping the IDR 29,579,800 minimum. The forecast uses the latest payroll update."
request_213,2375.44,affordable_with_plan,installments,2026-01-21:1165.63|2026-02-20:1165.63|2026-03-22:1165.63,,none,"Use 3 installments of USD 1,165.63, starting 21 January 2026. This leaves at least USD 2,100 available."
request_214,41113.73,affordable_with_plan,installments,2024-12-04:36270|2025-01-01:36270,2024-12-15,none,"Use 2 installments of INR 36,270, starting 4 December 2024. This leaves at least INR 174,900 available."
request_215,26913.56,affordable_with_plan,installments,2025-05-09:10395.15|2025-06-06:10395.15|2025-07-04:10395.15,,none,"Use 3 installments of ZAR 10,395.15, starting 9 May 2025. This leaves at least ZAR 15,700 available."
request_216,483.08,affordable_later,wait,2026-09-15:3332.40,2026-09-15,none,"Pay USD 3,332.40 in full on 15 September 2026. Paying earlier would take the balance below the USD 1,800 minimum; only USD 483.08 is safe today. The forecast uses the latest payroll update."
request_217,19583.40,affordable_with_plan,installments,2024-03-19:12889.07|2024-04-19:12889.07|2024-05-20:12889.07,2024-05-15,none,"Use 3 installments of ZAR 12,889.07, starting 19 March 2024. This leaves at least ZAR 26,800 available."
request_218,24611852.51,affordable_with_plan,installments,2025-08-07:21195893.33|2025-09-04:21195893.33|2025-10-02:21195893.33,2025-09-15,none,"Use 3 installments of IDR 21,195,893.33, starting 7 August 2025. This leaves at least IDR 34,477,200 available."
request_219,0,not_affordable,not_recommended,none,,none,"Do not make this payment by 13 June 2026. None of the available options keeps the EUR 1,100 minimum protected."
request_220,72.34,not_affordable,not_recommended,none,,none,"Do not proceed with the EUR 3,118.50 request. Although EUR 72.34 is available today, the full amount cannot be completed safely by 3 July 2024 while keeping the EUR 1,100 minimum. The forecast uses the latest payroll update."
request_221,109800,affordable_now,full_payment,2025-11-03:109800,2025-11-03,none,"Pay INR 109,800 today. This leaves at least INR 81,500 available over the next 90 days."
request_222,34078,affordable_now,full_payment,2026-01-05:34078,2026-01-05,none,"Pay ZAR 34,078 today. This leaves at least ZAR 27,300 available over the next 90 days. The forecast uses confirmed income in messages."
request_223,898.70,affordable_now,full_payment,2024-09-07:898.70,2024-09-07,none,Pay EUR 898.70 today. This leaves at least EUR 800 available over the next 90 days.
request_224,10063394.35,affordable_with_plan,partial_payment,2025-02-04:10063394.35|2025-02-15:263605.65,2025-02-15,none,"Pay IDR 10,063,394.35 today and the remaining IDR 263,605.65 on 15 February 2025. This completes the full request and keeps the IDR 22,187,600 minimum protected."
request_225,9590423.21,affordable_with_plan,installments,2026-07-20:7647120|2026-08-19:7647120|2026-09-18:7647120,2026-09-15,reduce_to:event_20649:314450,"Use 3 installments of IDR 7,647,120, starting 20 July 2026. This leaves at least IDR 17,670,700 available."
request_226,157000,affordable_now,full_payment,2024-12-03:157000,2024-12-03,none,"Pay INR 157,000 today. This leaves at least INR 209,400 available over the next 90 days. The forecast uses the latest payroll update and confirmed income in messages."
request_227,7567.26,not_affordable,not_recommended,none,,none,"Do not proceed with the INR 259,700 request. Although INR 7,567.26 is available today, the full amount cannot be completed safely by 20 June 2025 while keeping the INR 62,900 minimum."
request_228,1601201.62,not_affordable,not_recommended,none,,none,"Do not proceed with the IDR 63,327,000 request. Although IDR 1,601,201.62 is available today, the full amount cannot be completed safely by 30 April 2026 while keeping the IDR 26,191,200 minimum. The forecast uses confirmed income in messages."
request_229,434.66,affordable_with_plan,installments,2024-03-18:529.29|2024-04-18:529.29|2024-05-19:529.29,2024-05-15,none,"Use 3 installments of EUR 529.29, starting 18 March 2024. This leaves at least EUR 1,000 available."
request_230,3537.60,affordable_now,full_payment,2025-08-06:3537.60,2025-08-06,none,"Pay EUR 3,537.60 today. This leaves at least EUR 2,000 available over the next 90 days. The forecast uses the latest payroll update."
request_231,30710.57,affordable_with_plan,installments,2026-01-06:12378.08|2026-02-05:12378.08|2026-03-07:12378.08,2026-02-15,stop:event_21223,"Use 3 installments of ZAR 12,378.08, starting 6 January 2026. This leaves at least ZAR 24,300 available."
request_232,631.97,affordable_later,wait,2024-08-15:1970.10,2024-08-15,none,"Pay EUR 1,970.10 in full on 15 August 2024. Paying earlier would take the balance below the EUR 2,400 minimum; only EUR 631.97 is safe today. The forecast uses confirmed income in messages."
request_233,3738334.08,affordable_with_plan,installments,2025-11-14:3245320|2025-12-15:3245320,2025-11-15,none,"Use 2 installments of IDR 3,245,320, starting 14 November 2025. This leaves at least IDR 10,365,700 available. The forecast uses confirmed income in messages."
request_234,183.19,affordable_later,wait,2026-09-15:1213.30,2026-09-15,none,"Pay EUR 1,213.30 in full on 15 September 2026. Paying earlier would take the balance below the EUR 700 minimum; only EUR 183.19 is safe today. The forecast uses the latest bill update."
request_235,967.20,affordable_now,full_payment,2024-09-06:967.20,2024-09-06,none,Pay USD 967.20 today. This leaves at least USD 700 available over the next 90 days.
request_236,5830036.97,not_affordable,not_recommended,none,,none,"Do not proceed with the IDR 52,383,000 request. Although IDR 5,830,036.97 is available today, the full amount cannot be completed safely by 23 February 2025 while keeping the IDR 16,768,600 minimum."
request_237,22228678.74,affordable_now,full_payment,2026-04-05:23826000,2026-04-05,none,"Pay IDR 23,826,000 today. This leaves at least IDR 22,431,500 available over the next 90 days."
request_238,0,not_affordable,not_recommended,none,,none,Do not make this payment by 16 February 2025. None of the available options keeps the USD 700 minimum protected.
request_239,642,affordable_now,full_payment,2025-05-04:642,2025-05-04,none,Pay USD 642 today. This leaves at least USD 600 available over the next 90 days.
request_240,13746.71,not_affordable,not_recommended,none,,none,"Do not proceed with the INR 101,200 request. Although INR 13,746.71 is available today, the full amount cannot be completed safely by 20 March 2026 while keeping the INR 52,800 minimum. The forecast uses confirmed income in messages."
request_241,21052000,affordable_with_plan,installments,2024-03-17:7298026.67|2024-04-17:7298026.67|2024-05-18:7298026.67,2024-03-03,none,"Use 3 installments of IDR 7,298,026.67, starting 17 March 2024. This leaves at least IDR 19,252,000 available."
request_242,27.29,not_affordable,not_recommended,none,,none,"Do not proceed with the EUR 1,966.80 request. Although EUR 27.29 is available today, the full amount cannot be completed safely by 25 August 2025 while keeping the EUR 600 minimum. The forecast uses confirmed income in messages."
request_243,17468,affordable_now,full_payment,2026-07-07:17468,2026-07-07,none,"Pay ZAR 17,468 today. This leaves at least ZAR 19,900 available over the next 90 days."
request_244,49918,affordable_now,full_payment,2024-06-04:49918,2024-06-04,none,"Pay ZAR 49,918 today. This leaves at least ZAR 45,900 available over the next 90 days."
request_245,24005.91,affordable_later,wait,2026-01-15:128500,2026-01-15,none,"Pay INR 128,500 in full on 15 January 2026. Paying earlier would take the balance below the INR 94,600 minimum; only INR 24,005.91 is safe today. The forecast uses confirmed income in messages."
request_246,64086,affordable_with_plan,installments,2026-04-03:22216.48|2026-05-03:22216.48|2026-06-02:22216.48,2026-04-03,none,"Use 3 installments of ZAR 22,216.48, starting 3 April 2026. This leaves at least ZAR 39,300 available."
request_247,1059.30,affordable_now,full_payment,2024-09-05:1059.30,2024-09-05,none,"Pay EUR 1,059.30 today. This leaves at least EUR 1,300 available over the next 90 days. The forecast uses the latest payroll update."
request_248,937.87,affordable_with_plan,partial_payment,2025-02-07:937.87|2025-04-15:1027.73,2025-04-15,none,"Pay USD 937.87 today and the remaining USD 1,027.73 on 15 April 2025. This completes the full request and keeps the USD 1,300 minimum protected. The forecast uses the latest payroll update."
request_249,126.52,affordable_later,wait,2026-03-15:643.20,2026-03-15,none,Pay USD 643.20 in full on 15 March 2026. Paying earlier would take the balance below the USD 600 minimum; only USD 126.52 is safe today. The forecast uses the latest payroll update.
request_250,15440.18,not_affordable,not_recommended,none,,none,"Do not proceed with the ZAR 124,278 request. Although ZAR 15,440.18 is available today, the full amount cannot be completed safely by 18 January 2025 while keeping the ZAR 35,300 minimum. The forecast uses confirmed income in messages."
request_251,79.87,not_affordable,not_recommended,none,,none,"Do not proceed with the EUR 1,513.60 request. Although EUR 79.87 is available today, the full amount cannot be completed safely by 6 June 2025 while keeping the EUR 1,300 minimum."
request_252,3988819.51,affordable_later,wait,2026-09-15:28082000,2026-09-15,none,"Pay IDR 28,082,000 in full on 15 September 2026. Paying earlier would take the balance below the IDR 15,152,200 minimum; only IDR 3,988,819.51 is safe today. The forecast uses the latest bill update."
request_253,1370.83,affordable_with_plan,installments,2024-03-21:984.60|2024-04-21:984.60|2024-05-22:984.60,2024-05-15,none,"Use 3 installments of EUR 984.60, starting 21 March 2024. This leaves at least EUR 2,300 available."
request_254,637.23,affordable_later,wait,2025-10-15:3535.20,2025-10-15,none,"Pay USD 3,535.20 in full on 15 October 2025. Paying earlier would take the balance below the USD 2,500 minimum; only USD 637.23 is safe today."
request_255,750746.03,affordable_now,full_payment,2026-04-06:3345000,2026-04-06,none,"Pay IDR 3,345,000 today. This leaves at least IDR 9,813,900 available over the next 90 days."
request_256,152799.25,affordable_with_plan,installments,2024-06-10:75816|2024-07-11:75816|2024-08-11:75816,2024-07-15,none,"Use 3 installments of INR 75,816, starting 10 June 2024. This leaves at least INR 168,600 available. The forecast uses confirmed income in messages."
request_257,317.96,affordable_later,wait,2026-01-15:1352.40,2026-01-15,none,"Pay USD 1,352.40 in full on 15 January 2026. Paying earlier would take the balance below the USD 1,600 minimum; only USD 317.96 is safe today."
request_258,1113.60,affordable_now,full_payment,2026-01-07:1113.60,2026-01-07,none,"Pay USD 1,113.60 today. This leaves at least USD 500 available over the next 90 days."
request_259,211.88,affordable_later,wait,2024-11-15:935,2024-11-15,none,Pay EUR 935 in full on 15 November 2024. Paying earlier would take the balance below the EUR 600 minimum; only EUR 211.88 is safe today.
request_260,6375023.47,not_affordable,not_recommended,none,,none,"Do not proceed with the IDR 52,079,000 request. Although IDR 6,375,023.47 is available today, the full amount cannot be completed safely by 18 April 2025 while keeping the IDR 20,727,700 minimum."
request_261,1830.40,affordable_now,full_payment,2026-07-03:1830.40,2026-07-03,none,"Pay EUR 1,830.40 today. This leaves at least EUR 1,500 available over the next 90 days."
request_262,0,not_affordable,not_recommended,none,,none,"Do not make this payment by 24 January 2025. None of the available options keeps the IDR 31,018,500 minimum protected."
request_263,5805.03,not_affordable,not_recommended,none,,none,"Do not proceed with the ZAR 51,546 request. Although ZAR 5,805.03 is available today, the full amount cannot be completed safely by 15 June 2025 while keeping the ZAR 24,100 minimum. The forecast uses confirmed income in messages."
request_264,23492.15,affordable_later,wait,2026-06-15:111300,2026-06-15,none,"Pay INR 111,300 in full on 15 June 2026. Paying earlier would take the balance below the INR 59,500 minimum; only INR 23,492.15 is safe today."
request_265,0,affordable_now,full_payment,2024-03-06:45970,2024-03-06,none,"Pay INR 45,970 today. This leaves at least INR 189,700 available over the next 90 days."
request_266,770.25,affordable_with_plan,installments,2025-08-03:324.13|2025-08-31:324.13|2025-09-28:324.13,2025-09-15,none,"Use 3 installments of EUR 324.13, starting 3 August 2025. This leaves at least EUR 900 available."
request_267,1641.71,affordable_with_plan,installments,2026-01-08:667.33|2026-02-07:667.33|2026-03-09:667.33,2026-02-15,stop:event_24573,"Use 3 installments of EUR 667.33, starting 8 January 2026. This leaves at least EUR 1,500 available."
request_268,1041.50,affordable_with_plan,installments,2024-06-14:841.22|2024-07-15:841.22|2024-08-15:841.22,2024-07-15,none,"Use 3 installments of EUR 841.22, starting 14 June 2024. This leaves at least EUR 1,400 available."
request_269,9921.59,affordable_later,wait,2025-12-15:15490,2025-12-15,none,"Pay ZAR 15,490 in full on 15 December 2025. Paying earlier would take the balance below the ZAR 23,100 minimum; only ZAR 9,921.59 is safe today. The forecast uses confirmed income in messages."
request_270,96.77,not_affordable,not_recommended,none,,none,"Do not proceed with the USD 3,028.80 request. Although USD 96.77 is available today, the full amount cannot be completed safely by 30 August 2026 while keeping the USD 1,400 minimum."
request_271,13812.36,affordable_later,wait,2024-11-15:91300,2024-11-15,none,"Pay INR 91,300 in full on 15 November 2024. Paying earlier would take the balance below the INR 58,200 minimum; only INR 13,812.36 is safe today. The forecast uses the latest payroll update and confirmed income in messages."
request_272,5415269.10,affordable_with_plan,installments,2025-02-12:4709466.67|2025-03-12:4709466.67|2025-04-09:4709466.67,2025-03-15,none,"Use 3 installments of IDR 4,709,466.67, starting 12 February 2025. This leaves at least IDR 7,508,600 available."
request_273,9628167.38,affordable_with_plan,installments,2026-04-07:5498480|2026-05-05:5498480|2026-06-02:5498480,2026-04-15,none,"Use 3 installments of IDR 5,498,480, starting 7 April 2026. This leaves at least IDR 18,774,600 available."
request_274,2131.94,affordable_with_plan,installments,2024-12-04:940.75|2025-01-04:940.75|2025-02-04:940.75,2025-01-15,none,"Use 3 installments of EUR 940.75, starting 4 December 2024. This leaves at least EUR 1,800 available."
request_275,15884000,affordable_now,full_payment,2025-05-06:15884000,2025-05-06,none,"Pay IDR 15,884,000 today. This leaves at least IDR 12,760,100 available over the next 90 days."
